﻿<?xml version="1.0" encoding="UTF-8"?>
<Root>
<Resources>
	<ResourceGroup id="260" name="Icon" type="Icon">
		<Resource id="3" name="test1" path="./Resources/Icons/my_location_chevron.png"/>		
		<Resource id="1" name="test" path="./Resources/Icons/a.png"/>
		<Resource id="2" name="test" path="./Resources/Icons/b.png"/>
		<Resource id="300" name="line_arrow" path="./Resources/Icons/navi/line_arrow.png"/>
		<Resource id="400" name="borderPt" path="./Resources/Icons/borderPt.png"/>
		<Resource id="401" name="borderPtHighLight" path="./Resources/Icons/borderPtHighLight.png"/>
		<Resource id="402" name="borderPtSelected" path="./Resources/Icons/borderPtSelected.png"/>
		<Resource id="403" name="martPt" path="./Resources/Icons/martPt.png"/>
		<Resource id="404" name="martPtHighLight" path="./Resources/Icons/martPtHighLight.png"/>
		<Resource id="405" name="martPtSelected" path="./Resources/Icons/martPtSelected.png"/>
	</ResourceGroup>
	<!--图标文件的管理-->
	<Icons>
		<Icon id="0" name="poi" type="png" relativepath="opt/15.png"/>
    	<Icon id="1" name="label" type="bmp" relativepath="opt/10.bmp"/>
	</Icons>
	<!--符号文件的管理-->
	<SymbolExs>
		<SymbolEx id="0" name="marker" type="sym" relativepath="symbol/marker.sym"/>
		<SymbolEx id="1" name="line" type="lsl" relativepath="symbol/line.lsl"/>
		<SymbolEx id="2" name="region" type="bru" relativepath="symbol/region.bru"/>
	</SymbolExs>
</Resources>

<!--地图图层的管理-->
<Map>
	<Name>googleimage</Name>
	<Description/>
	<Version>1.0</Version>
	<RenderParam>
		<Resolution>2010.5623152537992</Resolution>
		<Center>
		<x>115.87419719627222</x>
		<y>39.886092794962643</y>
		</Center>
		<!--地图侧转(绕Z轴旋转)-->
		<RollAngle>0</RollAngle>
		<!--地图俯仰(绕X轴旋转)-->
		<PitchAngle>0</PitchAngle>
		<!--地图偏转(绕Y轴旋转)-->
		<YawAngle>0</YawAngle>
	</RenderParam>
	<MaxResolution>1000000000000.0000000000</MaxResolution>
	<MinResolution>1000000000000.0000000000</MinResolution>
	<!--地图是否自动投影-->
	<AutoProjection>false</AutoProjection>
	<!--地图坐标参考系统-->
	<CoordinateReferenceSystem>
		<Name>平面坐标系---m</Name>
		<Type>0</Type>
		<Units>METER</Units>
		<DistUnits>METER</DistUnits>
	</CoordinateReferenceSystem>
	<LayerSets>
		<!--googleimage Image-->
	<LayerSet>
	<GeometryGLType>5</GeometryGLType>
			<Name>googleimage</Name>
			<GroupName>googleimage</GroupName>
			<Elimination/>
			<BKLine/>
			<Layer>
				<Type>2</Type>
				<Name>googleimage</Name>
				<Description/>
				<DataSourceName>googleimage</DataSourceName>
				<DatasetName>google</DatasetName>
				<Visible>true</Visible>
				<Selectable>true</Selectable>
				<Editable>false</Editable>
				<Theme/>
				<!--图层风格画家(这里使用name)-->
				<Style/>
			</Layer>
		</LayerSet>
	</LayerSets>
</Map>
</Root>