<?xml version="1.0" encoding="UTF-8"?>
<Workspace Version="20090106" Name="1234" Description="" >
	<Locale>zh_Hans_CN</Locale>
	<!--数据源配置文件-->
	<DataSources>	
		<!-- 文件型数据源(GSF) -->
		<DataSource>
			<Type>219</Type>
			<Server>./China400/China400.gsf</Server>
			<Driver/>
			<Database/>
			<User/>
			<Password/>
			<Name>China400</Name>
		</DataSource>
		
		<DataSource>
			<Type>300</Type>
			<Server>http://map.google.com</Server>
			<Driver/>
			<Database>./googleimage/googleimage/googleimage.xml</Database>
			<User/>
			<Password/>
			<Name>googleimage</Name>
		</DataSource>
	</DataSources>
	<Maps>
		<Map>
			<Name>googleimage</Name>
			<Path>./Map_GoogleImage.xml</Path>
		</Map>
	</Maps>
</Workspace>
