<?xml version="1.0" encoding="UTF-8"?>
<CacheInfo>
<TileCacheInfo>
<Name>google</Name>
<Provider>http://mt2.google.cn</Provider>
<CoordinateReferenceSystem>
<Nameset>
<name>User Define</name>
</Nameset>
<Type>-1</Type>
<Units>METER</Units>
<GeographicCoordinateSystem>
<Nameset>
<Name>GCS_WGS_1984</Name>
</Nameset>
<Type>-1</Type>
<Units>DEGREE</Units>
<HorizonalGeodeticDatum>
<Nameset>
<Name>User Define</Name>
</Nameset>
<Type>-1</Type>
<Ellipsoid>
<Nameset>
<Name/>
</Nameset>
<Type>-1</Type>
<SemiMajorAxis>6378137.0000000000</SemiMajorAxis>
<InverseFlattening>298.2572204270</InverseFlattening>
</Ellipsoid>
</HorizonalGeodeticDatum>
<PrimeMeridian>
<Nameset>
<Name/>
</Nameset>
<Type>-1</Type>
<PrimeMeridian>0.0000000000</PrimeMeridian>
</PrimeMeridian>
</GeographicCoordinateSystem>
<MapProjection>
<Nameset>
<Name/>
</Nameset>
<Type>43045</Type>
</MapProjection>
<Parameters>
<FalseEasting>0.0000000000</FalseEasting>
<FalseNorthing>0.0000000000</FalseNorthing>
<CentralMeridian>0.0000000000</CentralMeridian>
<StandardParallel1>0.0000000000</StandardParallel1>
<StandardParallel2>0.0000000000</StandardParallel2>
<ScaleFactor>0.9996000000</ScaleFactor>
<CentralParallel>0.0000000000</CentralParallel>
<Azimuth>0.0000000000</Azimuth>
<FirstPointLongitude>0.0000000000</FirstPointLongitude>
<SecondPointLongitude>0.0000000000</SecondPointLongitude>
</Parameters>
</CoordinateReferenceSystem>
<TileOrigin>
<X>-20037508.342789244</X>
<Y>20037508.342789244</Y>
</TileOrigin>
<TileSize>256</TileSize>
<DPI>76.200000000000003</DPI>
<Bounds>
<Left>-20037508.342789244</Left>
<Top>20037508.342789244</Top>
<Right>20037508.342789244</Right>
<Bottom>-20037508.342789244</Bottom>
</Bounds>
<TileType>png</TileType>
<TileRuler>
<URLFormat>/vt/lyrs=s@167000000&amp;hl=zh-CN&amp;gl=cn&amp;z=%d&amp;y=%d&amp;x=%d&amp;s=Galil</URLFormat>
<LevelMode>True</LevelMode>
<CoordMode>False</CoordMode>
</TileRuler>
<Levels>
<Level>
<Value>0.00000000212933993273</Value>
<Caption>469629102</Caption>
</Level>
<Level>
<Value>0.00000000425867986546</Value>
<Caption>234814551</Caption>
</Level>
<Level>
<Value>0.00000000851735973091</Value>
<Caption>117407275</Caption>
</Level>
<Level>
<Value>0.00000001703471946182</Value>
<Caption>58703638</Caption>
</Level>
<Level>
<Value>0.00000003406943892364</Value>
<Caption>29351819</Caption>
</Level>
<Level>
<Value>0.00000006813887784729</Value>
<Caption>14675909</Caption>
</Level>
<Level>
<Value>0.00000013627775569458</Value>
<Caption>7337955</Caption>
</Level>
<Level>
<Value>0.00000027255551138915</Value>
<Caption>3668977</Caption>
</Level>
<Level>
<Value>0.00000054511102277831</Value>
<Caption>1834489</Caption>
</Level>
<Level>
<Value>0.00000109022204555661</Value>
<Caption>917244</Caption>
</Level>
<Level>
<Value>0.00000218044409111322</Value>
<Caption>458622</Caption>
</Level>
<Level>
<Value>0.00000436088818222644</Value>
<Caption>229311</Caption>
</Level>
<Level>
<Value>0.00000872177636445288</Value>
<Caption>114656</Caption>
</Level>
<Level>
<Value>0.00001744355272890577</Value>
<Caption>57328</Caption>
</Level>
<Level>
<Value>0.00003488710545781153</Value>
<Caption>28664</Caption>
</Level>
<Level>
<Value>0.00006977421091562306</Value>
<Caption>14332</Caption>
</Level>
<Level>
<Value>0.00013954842183124612</Value>
<Caption>7166</Caption>
</Level>
<Level>
<Value>0.00027909684366249224</Value>
<Caption>3583</Caption>
</Level>
<Level>
<Value>0.00055819368732498448</Value>
<Caption>1791</Caption>
</Level>
<Level>
<Value>0.00111638737464996900</Value>
<Caption>896</Caption>
</Level>
<Level>
<Value>0.00223277474929993790</Value>
<Caption>448</Caption>
</Level>
<Level>
<Value>0.00446554949859987590</Value>
<Caption>224</Caption>
</Level>
</Levels>
</TileCacheInfo>
<TileStorageInfo>
<StorageFormat>Original</StorageFormat>
<PacketSize>128</PacketSize>
</TileStorageInfo>
</CacheInfo>
